"CGM_0-100-109, CGM_M-180-189"
"CGM_0-100-109, CGM_M-180-189"
"CGM_0-110-119, CGM_M-200-209"
"CGM_0-110-119, CGM_M-200-209"
"CGM_M-230-239, CGM_0-90-99"
"CGM_M-230-239, CGM_0-90-99"
"CGM_M-0-9, CGM_0-0-9"
"CGM_M-0-9, CGM_0-0-9"
"CGM_M-0-9, CGM_0-0-9"
"CGM_M-0-9, CGM_0-0-9"
"CGM_M-160-169, CGM_0-100-109"
"CGM_M-160-169, CGM_0-100-109"
"CGM_M-160-169, CGM_0-120-129"
"CGM_M-160-169, CGM_0-120-129"
"CGM_0-140-149, CGM_M-180-189"
"CGM_0-140-149, CGM_M-180-189"
"CGM_M-170-179, CGM_0-150-159"
"CGM_M-170-179, CGM_0-150-159"
"CGM_0-160-169, CGM_M-180-189"
"CGM_0-160-169, CGM_M-180-189"
"CGM_0-160-169, CGM_M-180-189"
"CGM_0-160-169, CGM_M-200-209"
"CGM_0-160-169, CGM_M-200-209"
"CGM_0-160-169, CGM_M-200-209"
"CGM_M-180-189, CGM_0-170-179"
"CGM_M-180-189, CGM_0-170-179"
"CGM_M-180-189, CGM_0-170-179"
"CGM_0-170-179, CGM_M-210-219"
"CGM_0-170-179, CGM_M-210-219"
"CGM_M-230-239, CGM_0-200-209"
"CGM_M-230-239, CGM_0-200-209"
"CGM_0-210-219, CGM_M-220-229"
"CGM_0-210-219, CGM_M-220-229"
"CGM_M-160-169, CGM_0-70-79"
"CGM_M-160-169, CGM_0-70-79"
"CGM_0-0-9, CGM_M-140-149"
"CGM_0-0-9, CGM_M-140-149"
"CGM_M-160-169, CGM_0-0-9"
"CGM_M-160-169, CGM_0-0-9"
"CGM_M-160-169, CGM_0-0-9"
"CGM_M-160-169, CGM_0-0-9"
"CGM_0-0-9, CGM_M-180-189"
"CGM_0-0-9, CGM_M-180-189"
"CGM_0-0-9, CGM_M-180-189"
"CGM_0-0-9, CGM_M-190-199"
"CGM_0-0-9, CGM_M-190-199"
"CGM_0-0-9, CGM_M-190-199"
"CGM_0-0-9, CGM_M-190-199"
"CGM_0-0-9, CGM_M-190-199"
"CGM_0-0-9, CGM_M-200-209"
"CGM_0-0-9, CGM_M-200-209"
"CGM_0-0-9, CGM_M-200-209"
"CGM_0-0-9, CGM_M-200-209"
"CGM_0-0-9, CGM_M-210-219"
"CGM_0-0-9, CGM_M-210-219"
"CGM_0-0-9, CGM_M-210-219"
"CGM_0-0-9, CGM_M-210-219"
"CGM_0-0-9, CGM_M-210-219"
"CGM_0-0-9, CGM_M-210-219"
"CGM_0-0-9, CGM_M-210-219"
"CGM_0-0-9, CGM_M-220-229"
"CGM_0-0-9, CGM_M-220-229"
"CGM_0-0-9, CGM_M-220-229"
"CGM_0-0-9, CGM_M-220-229"
"CGM_0-0-9, CGM_M-220-229"
"CGM_M-230-239, CGM_0-0-9"
"CGM_M-230-239, CGM_0-0-9"
"CGM_0-0-9, CGM_M-240-249"
"CGM_0-0-9, CGM_M-240-249"
"CGM_0-0-9, CGM_M-240-249"
"CGM_M-250-259, CGM_0-0-9"
"CGM_M-250-259, CGM_0-0-9"
"CGM_M-260-269, CGM_0-0-9"
"CGM_M-260-269, CGM_0-0-9"
"CGM_M-270-279, CGM_0-0-9"
"CGM_M-270-279, CGM_0-0-9"
"CGM_M-300-309, CGM_0-0-9"
"CGM_M-300-309, CGM_0-0-9"
"CGM_M-180-189, CGM_0-150-159"
"CGM_M-180-189, CGM_0-150-159"
